{
    "name": "root",
    "metadata": {
        "timer_format_version": "0.1.0",
        "start_time_seconds": "1696093364",
        "python_version": "3.9.7 (tags/v3.9.7:1016ef3, Aug 30 2021, 20:19:38) [MSC v.1929 64 bit (AMD64)]",
        "command_line_arguments": "C:\\Users\\elaij\\OneDrive\\Documents\\Programming\\Unity\\ML-cars\\venv\\Scripts\\mlagents-learn --run f3",
        "mlagents_version": "0.30.0",
        "mlagents_envs_version": "0.30.0",
        "communication_protocol_version": "1.5.0",
        "pytorch_version": "2.0.1+cpu",
        "numpy_version": "1.21.2",
        "end_time_seconds": "1696093527"
    },
    "total": 162.70381,
    "count": 1,
    "self": 10.01244779999999,
    "children": {
        "run_training.setup": {
            "total": 0.11607710000000004,
            "count": 1,
            "self": 0.11607710000000004
        },
        "TrainerController.start_learning": {
            "total": 152.5752851,
            "count": 1,
            "self": 0.16660670000001687,
            "children": {
                "TrainerController._reset_env": {
                    "total": 8.5997752,
                    "count": 1,
                    "self": 8.5997752
                },
                "TrainerController.advance": {
                    "total": 143.0366664,
                    "count": 5809,
                    "self": 0.17488590000084514,
                    "children": {
                        "env_step": {
                            "total": 142.14532849999924,
                            "count": 5809,
                            "self": 123.61904049999936,
                            "children": {
                                "SubprocessEnvManager._take_step": {
                                    "total": 18.425708100000293,
                                    "count": 5811,
                                    "self": 0.5331194000008068,
                                    "children": {
                                        "TorchPolicy.evaluate": {
                                            "total": 17.892588699999486,
                                            "count": 5811,
                                            "self": 17.892588699999486
                                        }
                                    }
                                },
                                "workers": {
                                    "total": 0.10057989999958927,
                                    "count": 5808,
                                    "self": 0.0,
                                    "children": {
                                        "worker_root": {
                                            "total": 74.32728889999981,
                                            "count": 5808,
                                            "is_parallel": true,
                                            "self": 28.413981499999792,
                                            "children": {
                                                "steps_from_proto": {
                                                    "total": 0.0022099999999998232,
                                                    "count": 3,
                                                    "is_parallel": true,
                                                    "self": 0.0012228999999983614,
                                                    "children": {
                                                        "_process_rank_one_or_two_observation": {
                                                            "total": 0.0009871000000014618,
                                                            "count": 6,
                                                            "is_parallel": true,
                                                            "self": 0.0009871000000014618
                                                        }
                                                    }
                                                },
                                                "UnityEnvironment.step": {
                                                    "total": 45.911097400000024,
                                                    "count": 5808,
                                                    "is_parallel": true,
                                                    "self": 0.690141000000331,
                                                    "children": {
                                                        "UnityEnvironment._generate_step_input": {
                                                            "total": 0.6464619999999854,
                                                            "count": 5808,
                                                            "is_parallel": true,
                                                            "self": 0.6464619999999854
                                                        },
                                                        "communicator.exchange": {
                                                            "total": 42.27299079999976,
                                                            "count": 5808,
                                                            "is_parallel": true,
                                                            "self": 42.27299079999976
                                                        },
                                                        "steps_from_proto": {
                                                            "total": 2.3015035999999505,
                                                            "count": 5808,
                                                            "is_parallel": true,
                                                            "self": 1.3900785000001559,
                                                            "children": {
                                                                "_process_rank_one_or_two_observation": {
                                                                    "total": 0.9114250999997946,
                                                                    "count": 11616,
                                                                    "is_parallel": true,
                                                                    "self": 0.9114250999997946
                                                                }
                                                            }
                                                        }
                                                    }
                                                }
                                            }
                                        }
                                    }
                                }
                            }
                        },
                        "trainer_advance": {
                            "total": 0.7164519999999133,
                            "count": 5808,
                            "self": 0.1922470000005081,
                            "children": {
                                "process_trajectory": {
                                    "total": 0.5242049999994052,
                                    "count": 5808,
                                    "self": 0.5242049999994052
                                }
                            }
                        }
                    }
                },
                "trainer_threads": {
                    "total": 2.799999975877654e-06,
                    "count": 1,
                    "self": 2.799999975877654e-06
                },
                "TrainerController._save_models": {
                    "total": 0.7722339999999974,
                    "count": 1,
                    "self": 0.002802799999983563,