{
    "name": "root",
    "metadata": {
        "timer_format_version": "0.1.0",
        "start_time_seconds": "1696094316",
        "python_version": "3.9.7 (tags/v3.9.7:1016ef3, Aug 30 2021, 20:19:38) [MSC v.1929 64 bit (AMD64)]",
        "command_line_arguments": "C:\\Users\\elaij\\OneDrive\\Documents\\Programming\\Unity\\ML-cars\\venv\\Scripts\\mlagents-learn --run t1",
        "mlagents_version": "0.30.0",
        "mlagents_envs_version": "0.30.0",
        "communication_protocol_version": "1.5.0",
        "pytorch_version": "2.0.1+cpu",
        "numpy_version": "1.21.2",
        "end_time_seconds": "1696094426"
    },
    "total": 109.7783174,
    "count": 1,
    "self": 0.008756500000018264,
    "children": {
        "run_training.setup": {
            "total": 0.13230010000000014,
            "count": 1,
            "self": 0.13230010000000014
        },
        "TrainerController.start_learning": {
            "total": 109.63726079999999,
            "count": 1,
            "self": 0.053303200000044626,
            "children": {
                "TrainerController._reset_env": {
                    "total": 13.668864999999998,
                    "count": 1,
                    "self": 13.668864999999998
                },
                "TrainerController.advance": {
                    "total": 95.54207839999995,
                    "count": 1724,
                    "self": 0.05362449999985586,
                    "children": {
                        "env_step": {
                            "total": 95.23137340000005,
                            "count": 1724,
                            "self": 88.47731159999995,
                            "children": {
                                "SubprocessEnvManager._take_step": {
                                    "total": 6.720607800000064,
                                    "count": 1724,
                                    "self": 0.18741740000015383,
                                    "children": {
                                        "TorchPolicy.evaluate": {
                                            "total": 6.53319039999991,
                                            "count": 1724,
                                            "self": 6.53319039999991
                                        }
                                    }
                                },
                                "workers": {
                                    "total": 0.033454000000038064,
                                    "count": 1723,
                                    "self": 0.0,
                                    "children": {
                                        "worker_root": {
                                            "total": 32.33939169999983,
                                            "count": 1723,
                                            "is_parallel": true,
                                            "self": 10.05763549999979,
                                            "children": {
                                                "steps_from_proto": {
                                                    "total": 0.007468900000001,
                                                    "count": 1,
                                                    "is_parallel": true,
                                                    "self": 0.002618700000001084,
                                                    "children": {
                                                        "_process_rank_one_or_two_observation": {
                                                            "total": 0.004850199999999916,
                                                            "count": 2,
                                                            "is_parallel": true,
                                                            "self": 0.004850199999999916
                                                        }
                                                    }
                                                },
                                                "UnityEnvironment.step": {
                                                    "total": 22.274287300000037,
                                                    "count": 1723,
                                                    "is_parallel": true,
                                                    "self": 0.20786959999996313,
                                                    "children": {
                                                        "UnityEnvironment._generate_step_input": {
                                                            "total": 0.20390710000011936,
                                                            "count": 1723,
                                                            "is_parallel": true,
                                                            "self": 0.20390710000011936
                                                        },
                                                        "communicator.exchange": {
                                                            "total": 21.178783899999992,
                                                            "count": 1723,
                                                            "is_parallel": true,
                                                            "self": 21.178783899999992
                                                        },
                                                        "steps_from_proto": {
                                                            "total": 0.6837266999999638,
                                                            "count": 1723,
                                                            "is_parallel": true,
                                                            "self": 0.4199473999999235,
                                                            "children": {
                                                                "_process_rank_one_or_two_observation": {
                                                                    "total": 0.26377930000004035,
                                                                    "count": 3446,
                                                                    "is_parallel": true,
                                                                    "self": 0.26377930000004035
                                                                }
                                                            }
                                                        }
                                                    }
                                                }
                                            }
                                        }
                                    }
                                }
                            }
                        },
                        "trainer_advance": {
                            "total": 0.2570805000000398,
                            "count": 1723,
                            "self": 0.06765250000003675,
                            "children": {
                                "process_trajectory": {
                                    "total": 0.18942800000000304,
                                    "count": 1723,
                                    "self": 0.18942800000000304
                                }
                            }
                        }
                    }
                },
                "TrainerController._save_models": {
                    "total": 0.3730142000000001,
                    "count": 1,
                    "self": 0.002070000000003347,
                    "children": {
                        "RLTrainer._checkpoint": {
                            "total": 0.3709441999999967,
                            "count": 1,