{
    "name": "root",
    "gauges": {
        "CarAgent.Policy.Entropy.mean": {
            "value": 3.2622146606445312,
            "min": 3.2622146606445312,
            "max": 3.2622146606445312,
            "count": 1
        },
        "CarAgent.Policy.Entropy.sum": {
            "value": 163345.609375,
            "min": 163345.609375,
            "max": 163345.609375,
            "count": 1
        },
        "CarAgent.Environment.EpisodeLength.mean": {
            "value": 264.0972972972973,
            "min": 264.0972972972973,
            "max": 264.0972972972973,
            "count": 1
        },
        "CarAgent.Environment.EpisodeLength.sum": {
            "value": 48858.0,
            "min": 48858.0,
            "max": 48858.0,
            "count": 1
        },
        "CarAgent.Step.mean": {
            "value": 49949.0,
            "min": 49949.0,
            "max": 49949.0,
            "count": 1
        },
        "CarAgent.Step.sum": {
            "value": 49949.0,
            "min": 49949.0,
            "max": 49949.0,
            "count": 1
        },
        "CarAgent.Policy.ExtrinsicValueEstimate.mean": {
            "value": 0.622735321521759,
            "min": 0.622735321521759,
            "max": 0.622735321521759,
            "count": 1
        },
        "CarAgent.Policy.ExtrinsicValueEstimate.sum": {
            "value": 544.2706909179688,
            "min": 544.2706909179688,
            "max": 544.2706909179688,
            "count": 1
        },
        "CarAgent.Environment.CumulativeReward.mean": {
            "value": 1.2717391304347827,
            "min": 1.2717391304347827,
            "max": 1.2717391304347827,
            "count": 1
        },
        "CarAgent.Environment.CumulativeReward.sum": {
            "value": 234.0,
            "min": 234.0,
            "max": 234.0,
            "count": 1
        },
        "CarAgent.Policy.ExtrinsicReward.mean": {
            "value": 1.2717391304347827,
            "min": 1.2717391304347827,
            "max": 1.2717391304347827,
            "count": 1
        },
        "CarAgent.Policy.ExtrinsicReward.sum": {
            "value": 234.0,
            "min": 234.0,
            "max": 234.0,
            "count": 1
        },
        "CarAgent.Losses.PolicyLoss.mean": {
            "value": 0.024148498672684583,
            "min": 0.024148498672684583,
            "max": 0.024148498672684583,
            "count": 1
        },
        "CarAgent.Losses.PolicyLoss.sum": {
            "value": 0.09659399469073833,
            "min": 0.09659399469073833,
            "max": 0.09659399469073833,
            "count": 1
        },
        "CarAgent.Losses.ValueLoss.mean": {
            "value": 0.8099816580613454,
            "min": 0.8099816580613454,
            "max": 0.8099816580613454,
            "count": 1
        },
        "CarAgent.Losses.ValueLoss.sum": {
            "value": 3.2399266322453815,
            "min": 3.2399266322453815,
            "max": 3.2399266322453815,
            "count": 1
        },
        "CarAgent.Policy.LearningRate.mean": {
            "value": 0.0002846061051313,
            "min": 0.0002846061051313,
            "max": 0.0002846061051313,
            "count": 1
        },
        "CarAgent.Policy.LearningRate.sum": {
            "value": 0.0011384244205252,
            "min": 0.0011384244205252,
            "max": 0.0011384244205252,
            "count": 1
        },
        "CarAgent.Policy.Epsilon.mean": {
            "value": 0.19486870000000003,
            "min": 0.19486870000000003,
            "max": 0.19486870000000003,
            "count": 1
        },
        "CarAgent.Policy.Epsilon.sum": {
            "value": 0.7794748000000001,
            "min": 0.7794748000000001,
            "max": 0.7794748000000001,
            "count": 1
        },
        "CarAgent.Policy.Beta.mean": {
            "value": 0.004743948129999999,
            "min": 0.004743948129999999,
            "max": 0.004743948129999999,
            "count": 1
        },
        "CarAgent.Policy.Beta.sum": {
            "value": 0.018975792519999996,
            "min": 0.018975792519999996,
            "max": 0.018975792519999996,
            "count": 1
        },
        "CarAgent.IsTraining.mean": {
            "value": 1.0,
            "min": 1.0,
            "max": 1.0,
            "count": 1
        },
        "CarAgent.IsTraining.sum": {
            "value": 1.0,
            "min": 1.0,
            "max": 1.0,
            "count": 1
        }
    },
    "metadata": {
        "timer_format_version": "0.1.0",
        "start_time_seconds": "1696145102",
        "python_version": "3.9.7 (tags/v3.9.7:1016ef3, Aug 30 2021, 20:19:38) [MSC v.1929 64 bit (AMD64)]",
        "command_line_arguments": "C:\\Users\\elaij\\OneDrive\\Documents\\Programming\\Unity\\ML-cars\\venv\\Scripts\\mlagents-learn --run t1",
        "mlagents_version": "0.30.0",
        "mlagents_envs_version": "0.30.0",
        "communication_protocol_version": "1.5.0",
        "pytorch_version": "2.0.1+cpu",
        "numpy_version": "1.21.2",
        "end_time_seconds": "1696145434"
    },
    "total": 331.9580512,
    "count": 1,
    "self": 0.016389400000036858,
    "children": {
        "run_training.setup": {
            "total": 0.11540190000000017,
            "count": 1,
            "self": 0.11540190000000017
        },
        "TrainerController.start_learning": {
            "total": 331.82625989999997,
            "count": 1,
            "self": 0.5977078999987953,
            "children": {
                "TrainerController._reset_env": {
                    "total": 10.001144199999999,
                    "count": 1,
                    "self": 10.001144199999999
                },
                "TrainerController.advance": {
                    "total": 320.8700892000012,
                    "count": 16947,
                    "self": 0.6063867000030427,
                    "children": {
                        "env_step": {
                            "total": 282.578534799999,
                            "count": 16947,
                            "self": 210.25300950000403,
                            "children": {
                                "SubprocessEnvManager._take_step": {
                                    "total": 71.95466879999678,
                                    "count": 16947,
                                    "self": 2.007692799998054,
                                    "children": {
                                        "TorchPolicy.evaluate": {
                                            "total": 69.94697599999873,
                                            "count": 16714,
                                            "self": 69.94697599999873
                                        }
                                    }
                                },
                                "workers": {
                                    "total": 0.37085649999817427,
                                    "count": 16946,
                                    "self": 0.0,
                                    "children": {
                                        "worker_root": {
                                            "total": 256.80709710000156,
                                            "count": 16946,
                                            "is_parallel": true,
                                            "self": 142.4051903000016,
                                            "children": {
                                                "steps_from_proto": {
                                                    "total": 0.0049402999999994535,
                                                    "count": 1,
                                                    "is_parallel": true,
                                                    "self": 0.0015386999999993378,