{
    "name": "root",
    "metadata": {
        "timer_format_version": "0.1.0",
        "start_time_seconds": "1696146096",
        "python_version": "3.9.7 (tags/v3.9.7:1016ef3, Aug 30 2021, 20:19:38) [MSC v.1929 64 bit (AMD64)]",
        "command_line_arguments": "C:\\Users\\elaij\\OneDrive\\Documents\\Programming\\Unity\\ML-cars\\venv\\Scripts\\mlagents-learn --run t3",
        "mlagents_version": "0.30.0",
        "mlagents_envs_version": "0.30.0",
        "communication_protocol_version": "1.5.0",
        "pytorch_version": "2.0.1+cpu",
        "numpy_version": "1.21.2",
        "end_time_seconds": "1696146270"
    },
    "total": 173.7676671,
    "count": 1,
    "self": 0.0055671000000074855,
    "children": {
        "run_training.setup": {
            "total": 0.11261799999999988,
            "count": 1,
            "self": 0.11261799999999988
        },
        "TrainerController.start_learning": {
            "total": 173.649482,
            "count": 1,
            "self": 0.17102650000012432,
            "children": {
                "TrainerController._reset_env": {
                    "total": 7.032648,
                    "count": 1,
                    "self": 7.032648
                },
                "TrainerController.advance": {
                    "total": 166.1179219999999,
                    "count": 5269,
                    "self": 0.17913610000044855,
                    "children": {
                        "env_step": {
                            "total": 153.68626600000022,
                            "count": 5269,
                            "self": 134.5116729000007,
                            "children": {
                                "SubprocessEnvManager._take_step": {
                                    "total": 19.0714621999999,
                                    "count": 5270,
                                    "self": 0.548266500000473,
                                    "children": {
                                        "TorchPolicy.evaluate": {
                                            "total": 18.523195699999427,
                                            "count": 5201,
                                            "self": 18.523195699999427
                                        }
                                    }
                                },
                                "workers": {
                                    "total": 0.10313089999961633,
                                    "count": 5268,
                                    "self": 0.0,
                                    "children": {
                                        "worker_root": {
                                            "total": 76.74762810000013,
                                            "count": 5268,
                                            "is_parallel": true,
                                            "self": 40.834318700000395,
                                            "children": {
                                                "steps_from_proto": {
                                                    "total": 0.0008267999999986841,
                                                    "count": 2,
                                                    "is_parallel": true,
                                                    "self": 0.0004513999999975482,
                                                    "children": {
                                                        "_process_rank_one_or_two_observation": {
                                                            "total": 0.00037540000000113594,
                                                            "count": 4,
                                                            "is_parallel": true,
                                                            "self": 0.00037540000000113594
                                                        }
                                                    }
                                                },
                                                "UnityEnvironment.step": {
                                                    "total": 35.912482599999734,
                                                    "count": 5268,
                                                    "is_parallel": true,
                                                    "self": 0.7041256999999632,
                                                    "children": {
                                                        "UnityEnvironment._generate_step_input": {
                                                            "total": 0.9722974999995122,
                                                            "count": 5268,
                                                            "is_parallel": true,
                                                            "self": 0.9722974999995122
                                                        },
                                                        "communicator.exchange": {
                                                            "total": 32.1466491000002,
                                                            "count": 5268,
                                                            "is_parallel": true,
                                                            "self": 32.1466491000002
                                                        },
                                                        "steps_from_proto": {
                                                            "total": 2.0894103000000595,
                                                            "count": 5268,
                                                            "is_parallel": true,
                                                            "self": 1.2025911000002552,
                                                            "children": {
                                                                "_process_rank_one_or_two_observation": {
                                                                    "total": 0.8868191999998043,
                                                                    "count": 10536,
                                                                    "is_parallel": true,
                                                                    "self": 0.8868191999998043
                                                                }
                                                            }
                                                        }
                                                    }
                                                }
                                            }
                                        }
                                    }
                                }
                            }
                        },
                        "trainer_advance": {
                            "total": 12.252519899999257,
                            "count": 5268,
                            "self": 0.227839699999155,
                            "children": {
                                "process_trajectory": {
                                    "total": 2.1284391000001044,
                                    "count": 5268,
                                    "self": 2.1284391000001044
                                },
                                "_update_policy": {
                                    "total": 9.896241099999997,
                                    "count": 2,
                                    "self": 4.903026400000087,
                                    "children": {
                                        "TorchPPOOptimizer.update": {
                                            "total": 4.9932146999999105,
                                            "count": 60,