{
    "name": "root",
    "gauges": {
        "CarAgent.Policy.Entropy.mean": {
            "value": 3.051305055618286,
            "min": 3.051305055618286,
            "max": 3.051305055618286,
            "count": 1
        },
        "CarAgent.Policy.Entropy.sum": {
            "value": 153016.84375,
            "min": 153016.84375,
            "max": 153016.84375,
            "count": 1
        },
        "CarAgent.Environment.EpisodeLength.mean": {
            "value": 171.1875,
            "min": 171.1875,
            "max": 171.1875,
            "count": 1
        },
        "CarAgent.Environment.EpisodeLength.sum": {
            "value": 49302.0,
            "min": 49302.0,
            "max": 49302.0,
            "count": 1
        },
        "CarAgent.Step.mean": {
            "value": 49974.0,
            "min": 49974.0,
            "max": 49974.0,
            "count": 1
        },
        "CarAgent.Step.sum": {
            "value": 49974.0,
            "min": 49974.0,
            "max": 49974.0,
            "count": 1
        },
        "CarAgent.Policy.ExtrinsicValueEstimate.mean": {
            "value": 15.271746635437012,
            "min": 15.271746635437012,
            "max": 15.271746635437012,
            "count": 1
        },
        "CarAgent.Policy.ExtrinsicValueEstimate.sum": {
            "value": 14233.267578125,
            "min": 14233.267578125,
            "max": 14233.267578125,
            "count": 1
        },
        "CarAgent.Environment.CumulativeReward.mean": {
            "value": 100.6188236349521,
            "min": 100.6188236349521,
            "max": 100.6188236349521,
            "count": 1
        },
        "CarAgent.Environment.CumulativeReward.sum": {
            "value": 28978.221206866205,
            "min": 28978.221206866205,
            "max": 28978.221206866205,
            "count": 1
        },
        "CarAgent.Policy.ExtrinsicReward.mean": {
            "value": 100.6188236349521,
            "min": 100.6188236349521,
            "max": 100.6188236349521,
            "count": 1
        },
        "CarAgent.Policy.ExtrinsicReward.sum": {
            "value": 28978.221206866205,
            "min": 28978.221206866205,
            "max": 28978.221206866205,
            "count": 1
        },
        "CarAgent.Losses.PolicyLoss.mean": {
            "value": 0.02111228063804447,
            "min": 0.02111228063804447,
            "max": 0.02111228063804447,
            "count": 1
        },
        "CarAgent.Losses.PolicyLoss.sum": {
            "value": 0.08444912255217787,
            "min": 0.08444912255217787,
            "max": 0.08444912255217787,
            "count": 1
        },
        "CarAgent.Losses.ValueLoss.mean": {
            "value": 122.27169696092605,
            "min": 122.27169696092605,
            "max": 122.27169696092605,
            "count": 1
        },
        "CarAgent.Losses.ValueLoss.sum": {
            "value": 489.0867878437042,
            "min": 489.0867878437042,
            "max": 489.0867878437042,
            "count": 1
        },
        "CarAgent.Policy.LearningRate.mean": {
            "value": 0.00028461135512955,
            "min": 0.00028461135512955,
            "max": 0.00028461135512955,
            "count": 1
        },
        "CarAgent.Policy.LearningRate.sum": {
            "value": 0.0011384454205182,
            "min": 0.0011384454205182,
            "max": 0.0011384454205182,
            "count": 1
        },
        "CarAgent.Policy.Epsilon.mean": {
            "value": 0.19487045000000003,
            "min": 0.19487045000000003,
            "max": 0.19487045000000003,
            "count": 1
        },
        "CarAgent.Policy.Epsilon.sum": {
            "value": 0.7794818000000001,
            "min": 0.7794818000000001,
            "max": 0.7794818000000001,
            "count": 1
        },
        "CarAgent.Policy.Beta.mean": {
            "value": 0.004744035454999999,
            "min": 0.004744035454999999,
            "max": 0.004744035454999999,
            "count": 1
        },
        "CarAgent.Policy.Beta.sum": {
            "value": 0.018976141819999997,
            "min": 0.018976141819999997,
            "max": 0.018976141819999997,
            "count": 1
        },
        "CarAgent.IsTraining.mean": {
            "value": 1.0,
            "min": 1.0,
            "max": 1.0,
            "count": 1
        },
        "CarAgent.IsTraining.sum": {
            "value": 1.0,
            "min": 1.0,
            "max": 1.0,
            "count": 1
        }
    },
    "metadata": {
        "timer_format_version": "0.1.0",
        "start_time_seconds": "1696094877",
        "python_version": "3.9.7 (tags/v3.9.7:1016ef3, Aug 30 2021, 20:19:38) [MSC v.1929 64 bit (AMD64)]",
        "command_line_arguments": "C:\\Users\\elaij\\OneDrive\\Documents\\Programming\\Unity\\ML-cars\\venv\\Scripts\\mlagents-learn --run t3",
        "mlagents_version": "0.30.0",
        "mlagents_envs_version": "0.30.0",
        "communication_protocol_version": "1.5.0",
        "pytorch_version": "2.0.1+cpu",
        "numpy_version": "1.21.2",
        "end_time_seconds": "1696095279"
    },
    "total": 401.4388798,
    "count": 1,
    "self": 0.007808899999986352,
    "children": {
        "run_training.setup": {
            "total": 0.12874279999999994,
            "count": 1,
            "self": 0.12874279999999994
        },
        "TrainerController.start_learning": {
            "total": 401.3023281,
            "count": 1,
            "self": 0.8605058000003964,
            "children": {
                "TrainerController._reset_env": {
                    "total": 7.494510999999999,
                    "count": 1,
                    "self": 7.494510999999999
                },
                "TrainerController.advance": {
                    "total": 392.5883177999997,
                    "count": 25737,
                    "self": 0.7981066999974473,
                    "children": {
                        "env_step": {
                            "total": 334.48781620000216,
                            "count": 25737,
                            "self": 238.79229960000566,
                            "children": {
                                "SubprocessEnvManager._take_step": {
                                    "total": 95.16301190000156,
                                    "count": 25737,
                                    "self": 2.760394400005282,
                                    "children": {
                                        "TorchPolicy.evaluate": {
                                            "total": 92.40261749999628,
                                            "count": 24841,
                                            "self": 92.40261749999628
                                        }
                                    }
                                },
                                "workers": {
                                    "total": 0.5325046999949272,
                                    "count": 25736,
                                    "self": 0.0,
                                    "children": {
                                        "worker_root": {
                                            "total": 371.49215940000033,
                                            "count": 25736,
                                            "is_parallel": true,
                                            "self": 199.51483740000012,
                                            "children": {
                                                "steps_from_proto": {
                                                    "total": 0.0006667000000000201,
                                                    "count": 1,
                                                    "is_parallel": true,
                                                    "self": 0.00037310000000090326,