{"count":1,"self":56.325139199999995,"total":101.56698449999999,"children":{"InitializeActuators":{"count":1,"self":0.002,"total":0.002,"children":null},"InitializeSensors":{"count":1,"self":0.0019990999999999997,"total":0.0019990999999999997,"children":null},"AgentSendState":{"count":25851,"self":0.0782606,"total":0.45763879999999996,"children":{"CollectObservations":{"count":5171,"self":0.068213799999999991,"total":0.068213799999999991,"children":null},"WriteActionMask":{"count":5171,"self":0.0038866,"total":0.0038866,"children":null},"RequestDecision":{"count":5171,"self":0.0414488,"total":0.3072778,"children":{"AgentInfo.ToProto":{"count":5171,"self":0.0641688,"total":0.265829,"children":{"GenerateSensorData":{"count":5171,"self":0.20166019999999998,"total":0.20166019999999998,"children":null}}}}}}},"DecideAction":{"count":25851,"self":44.305862399999995,"total":44.3058616,"children":null},"AgentAct":{"count":25851,"self":0.4673442,"total":0.4673442,"children":null},"AgentInfo.ToProto":{"count":115,"self":0.0013848999999999999,"total":0.0070038999999999995,"children":{"GenerateSensorData":{"count":115,"self":0.005619,"total":0.005619,"children":null}}}},"gauges":{"CarAgent.CumulativeReward":{"count":115,"max":12.7118979,"min":-2.7530005,"runningAverage":4.93725634,"value":7.62894058,"weightedAverage":5.08564758}},"metadata":{"timer_format_version":"0.1.0","start_time_seconds":"1697214090","unity_version":"2020.3.25f1","command_line_arguments":"C:\\Program Files\\Unity\\Hub\\Editor\\2020.3.25f1\\Editor\\Unity.exe -projectpath C:\\Users\\elaij\\OneDrive\\Documents\\Programming\\Unity\\ML-cars -useHub -hubIPC -cloudEnvironment production -licensingIpc LicenseClient-elaij -hubSessionId 9cfefa4d-434b-418a-a6bc-b24d5b10b4f2 -accessToken rlvw9A4_iYb9VSzdzSfJ6ybMn7DPk9Ur-pGpI-4959U00af","communication_protocol_version":"1.5.0","com.unity.ml-agents_version":"2.0.1","scene_name":"ComplexTrack1","end_time_seconds":"1697214191"}}