{
    "name": "root",
    "metadata": {
        "timer_format_version": "0.1.0",
        "start_time_seconds": "1696095313",
        "python_version": "3.9.7 (tags/v3.9.7:1016ef3, Aug 30 2021, 20:19:38) [MSC v.1929 64 bit (AMD64)]",
        "command_line_arguments": "C:\\Users\\elaij\\OneDrive\\Documents\\Programming\\Unity\\ML-cars\\venv\\Scripts\\mlagents-learn --run t4",
        "mlagents_version": "0.30.0",
        "mlagents_envs_version": "0.30.0",
        "communication_protocol_version": "1.5.0",
        "pytorch_version": "2.0.1+cpu",
        "numpy_version": "1.21.2",
        "end_time_seconds": "1696095522"
    },
    "total": 209.5920884,
    "count": 1,
    "self": 0.00819870000000833,
    "children": {
        "run_training.setup": {
            "total": 0.12334120000000004,
            "count": 1,
            "self": 0.12334120000000004
        },
        "TrainerController.start_learning": {
            "total": 209.4605485,
            "count": 1,
            "self": 0.2922063999994009,
            "children": {
                "TrainerController._reset_env": {
                    "total": 8.4248228,
                    "count": 1,
                    "self": 8.4248228
                },
                "TrainerController.advance": {
                    "total": 200.5084049000006,
                    "count": 9118,
                    "self": 0.3081117999994376,
                    "children": {
                        "env_step": {
                            "total": 181.6970350000011,
                            "count": 9118,
                            "self": 148.56188480000253,
                            "children": {
                                "SubprocessEnvManager._take_step": {
                                    "total": 32.953444799998806,
                                    "count": 9118,
                                    "self": 0.9549814999997324,
                                    "children": {
                                        "TorchPolicy.evaluate": {
                                            "total": 31.998463299999074,
                                            "count": 9054,
                                            "self": 31.998463299999074
                                        }
                                    }
                                },
                                "workers": {
                                    "total": 0.1817053999997622,
                                    "count": 9117,
                                    "self": 0.0,
                                    "children": {
                                        "worker_root": {
                                            "total": 135.78519880000002,
                                            "count": 9117,
                                            "is_parallel": true,
                                            "self": 68.08379520000088,
                                            "children": {
                                                "steps_from_proto": {
                                                    "total": 0.0007191999999989207,
                                                    "count": 1,
                                                    "is_parallel": true,
                                                    "self": 0.00037289999999856605,
                                                    "children": {
                                                        "_process_rank_one_or_two_observation": {
                                                            "total": 0.00034630000000035466,
                                                            "count": 2,
                                                            "is_parallel": true,
                                                            "self": 0.00034630000000035466
                                                        }
                                                    }
                                                },
                                                "UnityEnvironment.step": {
                                                    "total": 67.70068439999915,
                                                    "count": 9117,
                                                    "is_parallel": true,
                                                    "self": 1.2331623999989034,
                                                    "children": {
                                                        "UnityEnvironment._generate_step_input": {
                                                            "total": 1.718977199999994,
                                                            "count": 9117,
                                                            "is_parallel": true,
                                                            "self": 1.718977199999994
                                                        },
                                                        "communicator.exchange": {
                                                            "total": 61.08819520000007,
                                                            "count": 9117,
                                                            "is_parallel": true,
                                                            "self": 61.08819520000007
                                                        },
                                                        "steps_from_proto": {
                                                            "total": 3.6603496000001794,
                                                            "count": 9115,
                                                            "is_parallel": true,
                                                            "self": 2.1163297000004633,
                                                            "children": {
                                                                "_process_rank_one_or_two_observation": {
                                                                    "total": 1.5440198999997161,
                                                                    "count": 18230,
                                                                    "is_parallel": true,
                                                                    "self": 1.5440198999997161
                                                                }
                                                            }
                                                        }
                                                    }
                                                }
                                            }
                                        }
                                    }
                                }
                            }
                        },
                        "trainer_advance": {
                            "total": 18.50325810000007,
                            "count": 9117,
                            "self": 0.40498279999977527,
                            "children": {
                                "process_trajectory": {
                                    "total": 3.7298283000002996,
                                    "count": 9117,
                                    "self": 3.7298283000002996
                                },
                                "_update_policy": {
                                    "total": 14.368446999999996,
                                    "count": 3,
                                    "self": 7.051377999999936,
                                    "children": {
                                        "TorchPPOOptimizer.update": {
                                            "total": 7.31706900000006,
                                            "count": 90,