{
    "name": "root",
    "metadata": {
        "timer_format_version": "0.1.0",
        "start_time_seconds": "1696146016",
        "python_version": "3.9.7 (tags/v3.9.7:1016ef3, Aug 30 2021, 20:19:38) [MSC v.1929 64 bit (AMD64)]",
        "command_line_arguments": "C:\\Users\\elaij\\OneDrive\\Documents\\Programming\\Unity\\ML-cars\\venv\\Scripts\\mlagents-learn --run t2",
        "mlagents_version": "0.30.0",
        "mlagents_envs_version": "0.30.0",
        "communication_protocol_version": "1.5.0",
        "pytorch_version": "2.0.1+cpu",
        "numpy_version": "1.21.2",
        "end_time_seconds": "1696146080"
    },
    "total": 64.48051229999999,
    "count": 1,
    "self": 10.012373199999985,
    "children": {
        "run_training.setup": {
            "total": 0.12276419999999977,
            "count": 1,
            "self": 0.12276419999999977
        },
        "TrainerController.start_learning": {
            "total": 54.3453749,
            "count": 1,
            "self": 0.04479220000000339,
            "children": {
                "TrainerController._reset_env": {
                    "total": 7.095848999999999,
                    "count": 1,
                    "self": 7.095848999999999
                },
                "TrainerController.advance": {
                    "total": 46.7728022,
                    "count": 1406,
                    "self": 0.0436501999999237,
                    "children": {
                        "env_step": {
                            "total": 46.07393800000006,
                            "count": 1406,
                            "self": 41.156341800000035,
                            "children": {
                                "SubprocessEnvManager._take_step": {
                                    "total": 4.891668300000111,
                                    "count": 1407,
                                    "self": 0.1397094000002017,
                                    "children": {
                                        "TorchPolicy.evaluate": {
                                            "total": 4.751958899999909,
                                            "count": 1398,
                                            "self": 4.751958899999909
                                        }
                                    }
                                },
                                "workers": {
                                    "total": 0.02592789999991929,
                                    "count": 1405,
                                    "self": 0.0,
                                    "children": {
                                        "worker_root": {
                                            "total": 18.23394629999999,
                                            "count": 1405,
                                            "is_parallel": true,
                                            "self": 8.0539492999999,
                                            "children": {
                                                "steps_from_proto": {
                                                    "total": 0.0044125999999984344,
                                                    "count": 2,
                                                    "is_parallel": true,
                                                    "self": 0.0015627999999949793,
                                                    "children": {
                                                        "_process_rank_one_or_two_observation": {
                                                            "total": 0.002849800000003455,
                                                            "count": 4,
                                                            "is_parallel": true,
                                                            "self": 0.002849800000003455
                                                        }
                                                    }
                                                },
                                                "UnityEnvironment.step": {
                                                    "total": 10.17558440000009,
                                                    "count": 1405,
                                                    "is_parallel": true,
                                                    "self": 0.17465260000003546,
                                                    "children": {
                                                        "UnityEnvironment._generate_step_input": {
                                                            "total": 0.2514907000000832,
                                                            "count": 1405,
                                                            "is_parallel": true,
                                                            "self": 0.2514907000000832
                                                        },
                                                        "communicator.exchange": {
                                                            "total": 9.219079700000018,
                                                            "count": 1405,
                                                            "is_parallel": true,
                                                            "self": 9.219079700000018
                                                        },
                                                        "steps_from_proto": {
                                                            "total": 0.5303613999999541,
                                                            "count": 1405,
                                                            "is_parallel": true,
                                                            "self": 0.3017468000000294,
                                                            "children": {
                                                                "_process_rank_one_or_two_observation": {
                                                                    "total": 0.22861459999992473,
                                                                    "count": 2810,
                                                                    "is_parallel": true,
                                                                    "self": 0.22861459999992473
                                                                }
                                                            }
                                                        }
                                                    }
                                                }
                                            }
                                        }
                                    }
                                }
                            }
                        },
                        "trainer_advance": {
                            "total": 0.6552140000000133,
                            "count": 1405,
                            "self": 0.06031780000001241,
                            "children": {
                                "process_trajectory": {
                                    "total": 0.5948962000000009,
                                    "count": 1405,
                                    "self": 0.5948962000000009
                                }
                            }
                        }
                    }
                },
                "trainer_threads": {
                    "total": 1.1999999998124622e-06,
                    "count": 1,
                    "self": 1.1999999998124622e-06
                },
                "TrainerController._save_models": {
                    "total": 0.43193029999999766,
                    "count": 1,
                    "self": 0.002644399999994107,